name,house,intro_season,intro_episode,dth_season,dth_episode,featured_episode_count,icd10_cause_text,last_season,last_episode,killings_count,killer_name,total_dialogues_count,episode_1,episode_2,episode_3,episode_4,episode_5,episode_6,episode_7,episode_8,episode_9,episode_10,episode_11,episode_12,episode_13,episode_14,episode_15,episode_16,episode_17,episode_18,episode_19,episode_20,episode_21,episode_22,episode_23,episode_24,episode_25,episode_26,episode_27,episode_28,episode_29,episode_30,episode_31,episode_32,episode_33,episode_34,episode_35,episode_36,episode_37,episode_38,episode_39,episode_40,episode_41,episode_42,episode_43,episode_44,episode_45,episode_46,episode_47,episode_48,episode_49,episode_50,episode_51,episode_52,episode_53,episode_54,episode_55,episode_56,episode_57,episode_58,episode_59,episode_60,episode_61,episode_62,episode_63,episode_64,episode_65,episode_66,episode_67,episode_68,episode_69,episode_70,episode_71,episode_72,episode_73
Arya Stark,Stark,1,1,,,59,,8,73,69,,783,1,1,1,1,1,1,0,1,1,1,1,1,1,1,1,1,1,1,0,1,0,1,1,1,1,1,1,1,1,1,1,0,1,0,1,0,1,1,0,1,0,1,1,0,0,0,1,0,0,0,1,1,1,0,1,1,1,1,0,1,1,1,0,1,1,1,1,1,1,1,1,1,1
Bran Stark,Stark,1,1,,,40,,8,73,,,399,1,1,1,1,1,1,0,1,0,1,1,0,1,0,1,1,1,1,0,1,1,0,1,0,1,1,1,0,1,1,0,1,0,1,1,0,0,0,0,0,0,0,0,0,0,0,0,0,0,1,0,1,1,0,1,1,0,0,0,1,1,0,1,1,1,0,1,1,1,1,1,0,1
Brienne of Tarth,Kingsguard,2,13,,,42,,8,73,13,,370,0,0,0,0,0,0,0,0,0,0,0,0,1,1,1,1,1,1,0,1,0,1,1,1,1,1,1,0,0,1,1,1,1,1,1,0,1,0,0,1,1,1,1,0,1,0,1,0,0,1,1,1,0,1,1,0,0,1,0,0,1,1,0,1,0,1,1,1,1,1,1,0,1
Bronn,Lannister,1,4,,,36,,8,73,27,,393,0,0,0,1,1,1,0,1,1,0,1,1,1,1,1,0,0,1,1,0,1,0,1,0,0,0,1,1,0,0,1,1,0,1,0,0,1,0,0,0,0,1,0,1,0,1,1,0,1,1,0,0,0,0,0,0,1,1,0,1,0,0,1,1,1,0,1,1,0,0,1,0,1
Cersei Lannister,Lannister,1,1,8,72,61,Suicide,8,73,199,Daenerys Targaryen,1005,1,1,1,1,1,1,1,1,1,1,1,1,1,0,1,1,1,1,1,1,1,1,1,1,1,1,0,1,0,1,1,1,1,1,1,1,1,1,0,1,1,1,1,1,0,1,1,1,0,1,1,1,1,1,0,1,1,1,0,1,1,1,1,1,1,0,1,1,0,0,1,1,1
Daenerys Targaryen,Targaryen,1,1,8,73,62,Treason,8,73,1009,Jon Snow,1048,1,1,1,1,0,1,1,1,1,1,1,1,0,1,1,1,1,1,0,1,1,0,1,1,1,0,1,1,1,1,1,0,1,1,1,1,1,1,0,1,1,1,0,1,1,0,1,1,1,1,1,0,1,1,1,1,0,1,1,1,1,1,1,1,1,1,1,1,1,1,1,1,1
Davos Seaworth,Baratheon,2,11,,,42,,8,73,,,528,0,0,0,0,0,0,0,0,0,0,1,1,0,1,1,0,0,1,1,0,1,0,0,0,1,0,0,1,0,1,0,1,1,0,0,1,0,0,0,1,1,1,1,0,1,0,1,0,1,1,1,1,1,1,1,0,1,0,1,1,1,1,1,1,1,1,1,1,1,1,1,1,1
Gendry Baratheon,Baratheon,1,4,,,24,,8,73,2,,207,0,0,0,1,0,0,0,0,0,1,1,1,1,1,1,0,0,1,0,1,0,1,1,1,1,1,1,1,0,1,0,0,0,0,0,0,0,0,0,0,0,0,0,0,0,0,0,0,0,0,0,0,0,0,0,0,0,0,0,0,0,0,0,0,1,1,0,1,1,1,1,0,1
Grey Worm,Targaryen,3,25,,,34,,8,73,34,,116,0,0,0,0,0,0,0,0,0,0,0,0,0,0,0,0,0,0,0,0,0,0,0,0,1,0,1,1,1,1,1,0,1,1,1,1,0,1,0,1,1,1,0,1,1,0,0,0,0,1,0,1,1,1,1,0,0,1,1,1,1,1,1,0,0,0,1,1,1,1,1,1,1
Jaime Lannister,Lannister,1,1,8,72,54,Suicide,8,73,9,Daenerys Targaryen,945,1,1,1,1,1,0,1,0,1,1,1,0,0,0,0,0,1,1,0,1,0,1,1,1,1,1,1,0,0,1,1,1,1,1,1,1,1,1,0,1,1,1,0,1,0,1,1,0,1,1,1,1,1,1,0,1,1,1,0,1,1,1,1,1,1,0,1,1,1,1,1,1,1
Jon Snow,Stark,1,1,5,49,63,Treason,8,73,51,Olly,1133,1,1,1,1,0,0,1,1,1,1,1,1,1,0,1,1,1,1,0,1,1,1,1,0,1,1,1,0,1,1,1,0,1,1,1,0,1,1,1,1,1,1,1,1,1,0,1,1,1,1,1,1,1,1,1,1,1,0,1,1,1,1,1,1,1,1,1,1,1,1,1,1,1
Maester Wolkan,Stark,6,51,,,11,,8,73,,,23,0,0,0,0,0,0,0,0,0,0,0,0,0,0,0,0,0,0,0,0,0,0,0,0,0,0,0,0,0,0,0,0,0,0,0,0,0,0,0,0,0,0,0,0,0,0,0,0,0,0,1,1,0,0,0,0,0,0,0,0,1,1,1,0,1,1,1,1,1,1,1,0,1
Podrick Payne,Lannister,2,12,,,35,,8,73,2,,155,0,0,0,0,0,0,0,0,0,0,0,1,0,0,0,0,0,1,1,1,1,0,1,0,1,0,0,1,0,1,1,1,1,1,1,0,1,0,0,1,1,1,1,0,1,0,1,0,0,1,1,1,0,1,1,0,0,1,0,0,1,0,0,1,0,0,1,1,1,1,1,0,1
Robin Arryn,Arryn,1,5,,,9,,8,73,,,37,0,0,0,0,1,1,0,1,0,0,0,0,0,0,0,0,0,0,0,0,0,0,0,0,0,0,0,0,0,0,0,0,0,0,1,0,1,1,0,0,1,0,0,0,0,0,0,0,0,0,0,0,0,1,0,0,0,0,0,0,0,0,0,0,0,0,0,0,0,0,0,0,1
Samwell Tarly,Night's Watch,1,4,,,48,,8,73,2,,557,0,0,0,1,0,0,1,1,1,1,1,1,1,0,1,0,0,1,0,1,1,1,1,1,0,1,0,1,1,1,1,0,1,1,0,0,1,1,1,1,1,1,1,1,1,0,1,1,1,1,0,0,1,0,0,1,0,0,0,1,1,1,1,0,1,0,1,1,1,1,1,0,1
Sansa Stark,Stark,1,1,,,59,,8,73,,,784,1,1,1,1,1,1,0,1,1,1,1,0,1,1,0,1,1,0,1,1,1,1,0,1,1,1,1,1,0,1,1,1,1,1,1,0,1,1,0,0,1,1,1,1,1,1,1,1,0,1,1,1,0,1,1,0,1,0,1,1,1,1,1,1,1,1,1,1,1,1,1,0,1
Tormund Giantsbane,Free Folk,3,21,,,33,,8,73,21,,198,0,0,0,0,0,0,0,0,0,0,0,0,0,0,0,0,0,0,0,0,1,1,1,0,1,1,1,0,1,0,1,0,1,0,0,0,0,1,1,1,1,0,0,0,1,0,1,1,1,0,0,1,1,1,1,0,1,0,1,1,1,0,0,0,1,1,1,1,1,1,1,0,1
Tyrion Lannister,Lannister,1,1,,,67,,8,73,5,,1760,1,1,1,1,1,1,0,1,1,1,1,1,1,1,1,1,1,1,1,1,1,1,1,1,1,1,1,1,0,1,1,1,1,1,0,1,1,1,0,1,1,1,1,1,1,1,1,1,1,1,1,1,1,1,1,0,0,1,1,1,1,1,1,1,1,1,1,1,1,1,1,1,1
Yara Greyjoy,Greyjoy,2,12,,,16,,8,73,11,,145,0,0,0,0,0,0,0,0,0,0,0,1,1,0,1,0,0,1,0,0,0,0,0,0,0,0,0,0,0,1,0,0,0,0,0,1,0,0,0,0,0,0,0,0,0,0,0,0,0,0,0,1,0,1,1,0,1,0,1,1,0,1,1,0,0,0,0,1,0,0,0,0,1
Yohn Royce,Arryn,4,38,,,13,,8,73,,,17,0,0,0,0,0,0,0,0,0,0,0,0,0,0,0,0,0,0,0,0,0,0,0,0,0,0,0,0,0,0,0,0,0,0,0,0,0,1,0,0,1,0,0,0,0,0,0,0,0,0,0,0,0,1,0,0,0,0,0,1,1,1,1,0,1,0,1,1,1,0,1,0,1
