name,house,intro_season,intro_episode,dth_season,dth_episode,featured_episode_count,icd10_cause_text,last_season,last_episode,killings_count,killer_name,total_dialogues_count,episode_1,episode_2,episode_3,episode_4,episode_5,episode_6,episode_7,episode_8,episode_9,episode_10,episode_11,episode_12,episode_13,episode_14,episode_15,episode_16,episode_17,episode_18,episode_19,episode_20,episode_21,episode_22,episode_23,episode_24,episode_25,episode_26,episode_27,episode_28,episode_29,episode_30,episode_31,episode_32,episode_33,episode_34,episode_35,episode_36,episode_37,episode_38,episode_39,episode_40,episode_41,episode_42,episode_43,episode_44,episode_45,episode_46,episode_47,episode_48,episode_49,episode_50,episode_51,episode_52,episode_53,episode_54,episode_55,episode_56,episode_57,episode_58,episode_59,episode_60,episode_61,episode_62,episode_63,episode_64,episode_65,episode_66,episode_67,episode_68,episode_69,episode_70,episode_71,episode_72,episode_73
Yara Greyjoy,Greyjoy,2,12,,,16,,8,73,11,,145,0,0,0,0,0,0,0,0,0,0,0,1,1,0,1,0,0,1,0,0,0,0,0,0,0,0,0,0,0,1,0,0,0,0,0,1,0,0,0,0,0,0,0,0,0,0,0,0,0,0,0,1,0,1,1,0,1,0,1,1,0,1,1,0,0,0,0,1,0,0,0,0,1
Sansa Stark,Stark,1,1,,,59,,8,73,,,784,1,1,1,1,1,1,0,1,1,1,1,0,1,1,0,1,1,0,1,1,1,1,0,1,1,1,1,1,0,1,1,1,1,1,1,0,1,1,0,0,1,1,1,1,1,1,1,1,0,1,1,1,0,1,1,0,1,0,1,1,1,1,1,1,1,1,1,1,1,1,1,0,1
Cersei Lannister,Lannister,1,1,8,72,61,Suicide,8,73,199,Daenerys Targaryen,1005,1,1,1,1,1,1,1,1,1,1,1,1,1,0,1,1,1,1,1,1,1,1,1,1,1,1,0,1,0,1,1,1,1,1,1,1,1,1,0,1,1,1,1,1,0,1,1,1,0,1,1,1,1,1,0,1,1,1,0,1,1,1,1,1,1,0,1,1,0,0,1,1,1
Bran Stark,Stark,1,1,,,40,,8,73,,,399,1,1,1,1,1,1,0,1,0,1,1,0,1,0,1,1,1,1,0,1,1,0,1,0,1,1,1,0,1,1,0,1,0,1,1,0,0,0,0,0,0,0,0,0,0,0,0,0,0,1,0,1,1,0,1,1,0,0,0,1,1,0,1,1,1,0,1,1,1,1,1,0,1
Tyrion Lannister,Lannister,1,1,,,67,,8,73,5,,1760,1,1,1,1,1,1,0,1,1,1,1,1,1,1,1,1,1,1,1,1,1,1,1,1,1,1,1,1,0,1,1,1,1,1,0,1,1,1,0,1,1,1,1,1,1,1,1,1,1,1,1,1,1,1,1,0,0,1,1,1,1,1,1,1,1,1,1,1,1,1,1,1,1
Jorah Mormont,Targaryen,1,1,8,70,51,Battle,8,71,13,a wight,402,1,1,1,1,0,1,1,1,1,1,1,1,0,1,1,0,1,1,0,1,1,0,1,1,1,0,1,1,1,1,1,0,1,1,1,1,1,1,0,0,0,0,1,1,1,1,1,1,1,1,1,0,0,1,1,0,0,0,0,0,1,1,1,0,1,1,1,1,1,1,1,0,0
Missandei,Targaryen,3,21,8,71,38,Execution,8,71,,Gregor Clegane,179,0,0,0,0,0,0,0,0,0,0,0,0,0,0,0,0,0,0,0,0,1,0,1,1,1,0,1,1,1,1,1,0,1,1,1,1,0,1,0,1,1,1,0,1,1,0,0,1,1,1,0,1,1,1,1,0,0,1,1,1,1,1,1,1,0,0,1,1,1,1,1,0,0
Theon Greyjoy,Greyjoy,1,1,8,70,46,Battle,8,71,17,the Night King,455,1,1,0,1,1,1,1,1,1,1,1,1,1,0,1,1,1,1,0,1,0,1,1,1,0,1,1,0,0,1,0,1,0,0,0,1,0,1,0,0,0,0,1,0,1,1,1,1,0,1,1,1,0,1,1,0,1,0,1,1,0,1,1,1,0,0,1,1,1,1,1,0,0
Yohn Royce,Arryn,4,38,,,13,,8,73,,,17,0,0,0,0,0,0,0,0,0,0,0,0,0,0,0,0,0,0,0,0,0,0,0,0,0,0,0,0,0,0,0,0,0,0,0,0,0,1,0,0,1,0,0,0,0,0,0,0,0,0,0,0,0,1,0,0,0,0,0,1,1,1,1,0,1,0,1,1,1,0,1,0,1
Jon Snow,Stark,1,1,5,49,63,Treason,8,73,51,Olly,1133,1,1,1,1,0,0,1,1,1,1,1,1,1,0,1,1,1,1,0,1,1,1,1,0,1,1,1,0,1,1,1,0,1,1,1,0,1,1,1,1,1,1,1,1,1,0,1,1,1,1,1,1,1,1,1,1,1,0,1,1,1,1,1,1,1,1,1,1,1,1,1,1,1
Maester Wolkan,Stark,6,51,,,11,,8,73,,,23,0,0,0,0,0,0,0,0,0,0,0,0,0,0,0,0,0,0,0,0,0,0,0,0,0,0,0,0,0,0,0,0,0,0,0,0,0,0,0,0,0,0,0,0,0,0,0,0,0,0,1,1,0,0,0,0,0,0,0,0,1,1,1,0,1,1,1,1,1,1,1,0,1
Daenerys Targaryen,Targaryen,1,1,8,73,62,Treason,8,73,1009,Jon Snow,1048,1,1,1,1,0,1,1,1,1,1,1,1,0,1,1,1,1,1,0,1,1,0,1,1,1,0,1,1,1,1,1,0,1,1,1,1,1,1,0,1,1,1,0,1,1,0,1,1,1,1,1,0,1,1,1,1,0,1,1,1,1,1,1,1,1,1,1,1,1,1,1,1,1
Melisandre,R'hllor,2,11,8,70,29,Ageing,8,70,7,Melisandre,242,0,0,0,0,0,0,0,0,0,0,1,1,0,1,0,0,0,0,0,1,1,0,1,0,0,1,1,1,0,1,0,1,0,0,0,0,1,0,0,1,1,0,0,1,1,0,1,0,1,1,1,1,1,1,1,0,0,0,1,1,0,1,1,1,1,1,1,0,0,1,0,0,0
Varys,Varys,1,3,8,72,46,Execution,8,72,,Daenerys Targaryen,386,0,0,1,1,1,0,1,1,1,1,1,1,1,0,0,0,0,1,1,1,0,0,1,1,0,1,0,1,0,1,0,1,1,0,1,1,0,1,0,1,1,1,1,0,0,0,0,0,0,1,1,1,1,1,1,0,0,1,0,1,1,1,1,1,1,0,1,1,1,1,1,1,0
Grey Worm,Targaryen,3,25,,,34,,8,73,34,,116,0,0,0,0,0,0,0,0,0,0,0,0,0,0,0,0,0,0,0,0,0,0,0,0,1,0,1,1,1,1,1,0,1,1,1,1,0,1,0,1,1,1,0,1,1,0,0,0,0,1,0,1,1,1,1,0,0,1,1,1,1,1,1,0,0,0,1,1,1,1,1,1,1
Petyr Baelish,Baelish,1,3,7,67,41,Murder,8,67,1,Arya Stark,483,0,0,1,1,1,1,1,1,1,1,1,1,1,1,1,1,0,0,0,1,1,0,1,0,1,1,0,0,0,0,0,0,1,1,1,1,0,0,1,1,1,1,1,1,0,1,1,0,0,0,0,0,0,1,1,0,0,0,1,1,1,1,1,1,1,1,1,0,0,0,0,0,0
Euron Greyjoy,Greyjoy,6,52,8,72,9,Battle,8,72,9,Jaime Lannister,89,0,0,0,0,0,0,0,0,0,0,0,0,0,0,0,0,0,0,0,0,0,0,0,0,0,0,0,0,0,0,0,0,0,0,0,0,0,0,0,0,0,0,0,0,0,0,0,0,0,0,0,1,0,0,1,0,0,0,0,0,1,1,1,0,0,0,1,1,0,0,1,1,0
Olenna Tyrell,Tyrell,3,23,7,63,18,Suicide,7,63,1,Olenna Tyrell,178,0,0,0,0,0,0,0,0,0,0,0,0,0,0,0,0,0,0,0,0,0,1,0,1,1,1,0,1,0,0,1,1,1,1,0,0,0,0,0,0,0,0,0,0,0,1,1,0,0,0,0,0,1,1,0,1,1,0,0,1,0,1,1,0,0,0,0,0,0,0,0,0,0
Harrag,Greyjoy,7,62,,,4,,8,67,,,9,0,0,0,0,0,0,0,0,0,0,0,0,0,0,0,0,0,0,0,0,0,0,0,0,0,0,0,0,0,0,0,0,0,0,0,0,0,0,0,0,0,0,0,0,0,0,0,0,0,0,0,0,0,0,0,0,0,0,0,0,0,1,1,1,0,0,1,0,0,0,0,0,0
Bronn,Lannister,1,4,,,36,,8,73,27,,393,0,0,0,1,1,1,0,1,1,0,1,1,1,1,1,0,0,1,1,0,1,0,1,0,0,0,1,1,0,0,1,1,0,1,0,0,1,0,0,0,0,1,0,1,0,1,1,0,1,1,0,0,0,0,0,0,1,1,0,1,0,0,1,1,1,0,1,1,0,0,1,0,1
Qyburn,Lannister,3,21,8,72,22,Battle,8,72,1,Gregor Clegane,117,0,0,0,0,0,0,0,0,0,0,0,0,0,0,0,0,0,0,0,0,1,0,0,0,1,0,1,0,0,1,1,0,0,0,0,0,0,0,0,1,0,1,1,1,0,0,0,1,0,1,0,0,1,0,0,0,0,1,0,1,1,1,1,0,1,0,1,1,0,0,1,1,0
Jaime Lannister,Lannister,1,1,8,72,54,Suicide,8,73,9,Daenerys Targaryen,945,1,1,1,1,1,0,1,0,1,1,1,0,0,0,0,0,1,1,0,1,0,1,1,1,1,1,1,0,0,1,1,1,1,1,1,1,1,1,0,1,1,1,0,1,0,1,1,0,1,1,1,1,1,1,0,1,1,1,0,1,1,1,1,1,1,0,1,1,1,1,1,1,1
